1,END5956b3ab5fbd6
2,END5956b3ab76fa3
26,END5956b3ab8c7ea
28,END5956b3aba386b
29,END5956b3abb7bec
30,END5956b3abcc943
31,END5956b3abe15f5
32,END5956b3ac00f8a
33,END5956b3ac15acb
34,END5956b3ac2b1b9
35,END5956b3ac3fc92
36,END5956b3ac53b5c
37,END5956b3ac67972
38,END5956b3ac7c18f
41,END5956b3ac91650
42,END5956b3aca65cc
43,END5956b3acba756
44,END5956b3acceeab
45,END5956b3ace27f4
46,END5956b3ad03dbd
47,END5956b3ad177a3
48,END5956b3ad2ba55
49,END5956b3ad40344
50,END5956b3ad53fef
51,END5956b3ad67b63
52,END5956b3ad7bfeb
53,END5956b3ad927a6
54,END5956b3ada7ac2
55,END5956b3adbb9a8
56,END5956b3adcff6a
57,END5956b3ade3a66
58,END5956b3ae04632
59,END5956b3ae18415
60,END5956b3ae2c96f
61,END5956b3ae40994
62,END5956b3ae53f73
63,END5956b3ae68976
64,END5956b3ae7d1e7
65,END5956b3ae92a69
66,END5956b3aea75d1
67,END5956b3aebb61e
68,END5956b3aecf173
69,END5956b3aee2e4d
70,END5956b3af051e2
71,END5956b3af1b1df
72,END5956b3af32068
73,END5956b3af46fad
74,END5956b3af5ba37
75,END5956b3af701b2
76,END5956b3af84701
77,END5956b3af98e3f
78,END5956b3afad4eb
79,END5956b3afc1c78
80,END5956b3afd64ab
81,END5956b3afeb5d1
82,END5956b3b00b7ce
83,END5956b3b01f9ff
84,END5956b3b033d29
85,END5956b3b0483bc
86,END5956b3b05c405
87,END5956b3b0715f5
88,END5956b3b085eb3
89,END5956b3b09a9bb
90,END5956b3b0ae978
91,END5956b3b0c3694
92,END5956b3b0d8487
93,END5956b3b0ecdd6
94,END5956b3b10d6ba
95,END5956b3b121da9
96,END5956b3b1360e8
97,END5956b3b14a0ef
98,END5956b3b15e92e
99,END5956b3b173133
100,END5956b3b186e44
101,END5956b3b19af8b
102,END5956b3b1af901
103,END5956b3b1c381e
104,END5956b3b1d7e2c
105,END5956b3b1ebdab
106,END5956b3b20bf26
107,END5956b3b2204a3
108,END5956b3b235339
109,END5956b3b249da8
110,END5956b3b25e400
111,END5956b3b273560
112,END5956b3b288c0a
113,END5956b3b29c5ad
114,END5956b3b2b0639
115,END5956b3b2c4fbd
116,END5956b3b2d9612
117,END5956b3b2ee277
118,END5956b3b30e23b
119,END5956b3b32210f
120,END5956b3b336d4a
123,END5956b3b34b75d
1,END5956b43c33d4d
2,END5956b43c4a4f3
26,END5956b43c60d69
28,END5956b43c75eb0
29,END5956b43c8a2df
30,END5956b43c9f2e0
31,END5956b43cb4254
32,END5956b43cc8b63
33,END5956b43cdde46
34,END5956b43cf2c0d
35,END5956b43d12850
36,END5956b43d270ae
37,END5956b43d3b444
38,END5956b43d4f5e4
41,END5956b43d639be
42,END5956b43d78d84
43,END5956b43d8d000
44,END5956b43da19ee
45,END5956b43db5bc2
46,END5956b43dc94b5
47,END5956b43dddb45
48,END5956b43df2138
49,END5956b43e12632
50,END5956b43e266fd
51,END5956b43e3ad40
52,END5956b43e4eddb
53,END5956b43e62d0c
54,END5956b43e76f47
55,END5956b43e8aeca
56,END5956b43e9f4c2
57,END5956b43eb3ec8
58,END5956b43ec925d
59,END5956b43eddd4b
60,END5956b43ef21a4
61,END5956b43f11c4b
62,END5956b43f258dd
63,END5956b43f39598
64,END5956b43f4e1b4
65,END5956b43f62b04
66,END5956b43f775f4
67,END5956b43f8c23c
68,END5956b43fa1635
69,END5956b43fb5459
70,END5956b43fc9a64
71,END5956b43fde868
72,END5956b44000029
73,END5956b44015622
74,END5956b44029f4b
75,END5956b4403da50
76,END5956b44052149
77,END5956b44066acf
78,END5956b4407ac84
79,END5956b4408fe26
80,END5956b440a505c
81,END5956b440b8fa7
82,END5956b440cce31
83,END5956b440e234e
84,END5956b441021e3
85,END5956b44116b42
86,END5956b4412b96b
87,END5956b4413f417
88,END5956b44153d9e
89,END5956b441683a9
90,END5956b4417d2f9
91,END5956b44192f6c
92,END5956b441a77e1
93,END5956b441bc01b
94,END5956b441d0b0a
95,END5956b441e558c
96,END5956b44206ce5
97,END5956b4421b4c5
98,END5956b44233e97
99,END5956b44248f9f
100,END5956b4425da56
101,END5956b442724ec
102,END5956b44286356
103,END5956b4429ad69
104,END5956b442af78c
105,END5956b442c40c1
106,END5956b442d83ed
107,END5956b442ed8f8
108,END5956b4430d24e
109,END5956b4432246c
110,END5956b44336748
111,END5956b4434a5dc
112,END5956b4435ee64
113,END5956b443733d1
114,END5956b44387ef7
115,END5956b4439c83b
116,END5956b443b10e5
117,END5956b443c6acc
118,END5956b443dad46
119,END5956b443f0371
120,END5956b44410e0c
123,END5956b44425439
